lowpasses,mean,std
22026.465794806718,7.29084372799223e-05,4.510082606216031
