epoch,loss,step
0,0.9958158731460571,49
0,0.5845311284065247,99
