eeg_id,seizure_vote,lpd_vote,gpd_vote,lrda_vote,grda_vote,other_vote
3911565283,0.099572495,0.063682616,0.004454796,0.10120626,0.18950734,0.5415765
